query_idx,query_name,triplet_rank1_name,triplet_rank1_score,triplet_rank2_name,triplet_rank2_score,triplet_rank3_name,triplet_rank3_score,triplet_rank4_name,triplet_rank4_score,triplet_rank5_name,triplet_rank5_score
0,107_png.rf.f31cf99275d8de0c817398bad1fbb98c.jpg,149_png.rf.9aba27d537b76bf911a1f4553acc6bc1.jpg,0.9731203317642212,130_png.rf.21f92398160a76a64b948884e4c8103c.jpg,0.9721589684486389,146_png.rf.8c716f42d6929f1b4c27cbfde0544e05.jpg,0.9650551676750183,25f_png.rf.e20424d4f5cc6ff760cbfa7767c3ec32.jpg,0.9648565053939819,114_png.rf.98b2144c25b9f48816abd7edb00f365c.jpg,0.9638401865959167
1,111_png.rf.573bdb8149674c4469ce560c651c6a48.jpg,171_png.rf.e0f78688a6d730302708d2eec60a4bdf.jpg,0.9599100947380066,139_png.rf.3b1d0480bfeb169028854cb472ea5f25.jpg,0.9571200013160706,5a_png.rf.bae1d48b3d2d96a990799b836ecebcbb.jpg,0.9561837911605835,162_png.rf.faeb269d920f46126201519c32565e6d.jpg,0.9537891149520874,4a_png.rf.a6bb5c5706fd8628eb53d34a122cf441.jpg,0.953484833240509
2,115_png.rf.ed51d53dd5c384b1f26a2b6ece52ad69.jpg,133_png.rf.a4164ecd79cdd480304adcf094cd17e3.jpg,0.9851027131080627,123_png.rf.c77820fd3abbca5d6265af63564f9564.jpg,0.9734936356544495,117_png.rf.8cc2251ee5c44b6bd3734b39795c7cc9.jpg,0.971551775932312,128_png.rf.536c0efc16ea6cf15f4f2a6f280450cf.jpg,0.9691923260688782,145_png.rf.223f80e4aff2b64f2711cd186532e118.jpg,0.9669693112373352
3,118_png.rf.3e82e1f3d657302b61a62c113271b753.jpg,148_png.rf.ce6399c2c651b1e0c1ccbe0ed06b1038.jpg,0.9720172882080078,166_png.rf.2a5fbe9b778584d26692a480bda6f22a.jpg,0.9672738909721375,164_png.rf.adf1d66e8c2fa71261ca3f1d6852fa16.jpg,0.9639435410499573,154_png.rf.9667f3add0f6a1d344745423a5d13882.jpg,0.9637807011604309,178_png.rf.5087fa5324451e07d2ed4f3d0e39b8e7.jpg,0.9610921740531921
4,134_png.rf.eafc70891a991c969df70bd817a63375.jpg,131_png.rf.593310c39f8835ed0786033b6690de45.jpg,0.9823502898216248,125_png.rf.746e605d23baaa43560542b8554b714c.jpg,0.9805607795715332,112_png.rf.9b08015f172aafbe456ed9d92cca77fe.jpg,0.9775949120521545,157_png.rf.27c930f4a54872dbae1acb7faf69b5af.jpg,0.9772065877914429,150_png.rf.d73327d3ac59114d003f79ec28e80c36.jpg,0.9752391576766968
5,136_png.rf.e99c3dfd6e84ce294cdabc3bb5ee8a75.jpg,157_png.rf.27c930f4a54872dbae1acb7faf69b5af.jpg,0.9778311252593994,153_png.rf.6e13f8c07bec12bd7e4094e6179bd363.jpg,0.9711397886276245,131_png.rf.593310c39f8835ed0786033b6690de45.jpg,0.9710651636123657,147_png.rf.f75092db32c867f5974bd801ebff4919.jpg,0.9707779288291931,112_png.rf.9b08015f172aafbe456ed9d92cca77fe.jpg,0.9668681621551514
6,140_png.rf.6645e10bad5cf3f197b71ddb6b34e6b4.jpg,132_png.rf.071b2e2111df71728a6b770afd959117.jpg,0.9737341403961182,117_png.rf.8cc2251ee5c44b6bd3734b39795c7cc9.jpg,0.9731236100196838,142_png.rf.7094e2d69746d686d71b971d474ae84d.jpg,0.971731424331665,119_png.rf.eff91a09289a82f634d7b231b06dbbdd.jpg,0.9714003205299377,123_png.rf.c77820fd3abbca5d6265af63564f9564.jpg,0.9699386358261108
7,144_png.rf.5c3890791bfecba0869eafb73fa3a4f5.jpg,125_png.rf.746e605d23baaa43560542b8554b714c.jpg,0.9839199185371399,131_png.rf.593310c39f8835ed0786033b6690de45.jpg,0.980069637298584,159_png.rf.301cd8292389a32360fcde7abf681cfe.jpg,0.9785171747207642,157_png.rf.27c930f4a54872dbae1acb7faf69b5af.jpg,0.9774289131164551,153_png.rf.6e13f8c07bec12bd7e4094e6179bd363.jpg,0.9771938323974609
8,181_png.rf.23ccd3b4b31a6fef484f7f0d25cf89d7.jpg,141_png.rf.29f059d54b07ead4d4680ae0a8a66ec4.jpg,0.9524985551834106,175_png.rf.3bb291132648e4ddc6318584b8fab3f6.jpg,0.9442470669746399,178_png.rf.5087fa5324451e07d2ed4f3d0e39b8e7.jpg,0.9354418516159058,154_png.rf.9667f3add0f6a1d344745423a5d13882.jpg,0.925712525844574,129_png.rf.eb2bbec526ed5285770c494673de2c04.jpg,0.9252740740776062
9,185_png.rf.d2a971d3a33d7f290e313be493525277.jpg,154_png.rf.9667f3add0f6a1d344745423a5d13882.jpg,0.9559032917022705,175_png.rf.3bb291132648e4ddc6318584b8fab3f6.jpg,0.9530741572380066,170_png.rf.41755d44f9afc99e7cda8ff7b064d3e5.jpg,0.948398232460022,188_png.rf.817e806abd4f5edc9588cc0dbf1a8616.jpg,0.9476422071456909,160_png.rf.6f41e2456edd6888c9fae22813acc55e.jpg,0.9436887502670288
10,1_png.rf.8199e7f82efa196a0732a582c5d2472e.jpg,90_png.rf.cc19908ab37dc78235324d2e16614622.jpg,0.9959802627563477,92_png.rf.5436107fa80a186911267011f1bad05e.jpg,0.9955177307128906,96_png.rf.99112aad2385b754f6a041d89282c4f9.jpg,0.9945088028907776,189_png.rf.35e0d3792b1aa85a1a2e55167fd0d8c5.jpg,0.9738062620162964,190_png.rf.24ed612fdc752703c31861be4bc95545.jpg,0.9676806926727295
11,21_png.rf.14a3f0eb3df1717c54de3445f3988524.jpg,34_png.rf.407889c8b2afe2a57c57461fa46b2d4f.jpg,0.9641855359077454,7t_png.rf.d593f52ab7cb17881fddcaf5de468819.jpg,0.9131993055343628,18_png.rf.deca17bfe3ef6a0738238319d1dcdd71.jpg,0.9118912816047668,6f_png.rf.4dcfc0c556af56e418f2226f40765059.jpg,0.9099774360656738,6t_png.rf.3bfa7c04f03519e61d659108c308de32.jpg,0.9053378701210022
12,26_png.rf.58fd63888dc80d24e902a96995a31656.jpg,25_png.rf.7e8991bbc403d6fbe9b9e6877ce5f38a.jpg,0.9930941462516785,24_png.rf.76109e322271997766d83ebb01eba055.jpg,0.9915493130683899,16_png.rf.691cc1c2ecb1a6b9e2b253b55ee31e37.jpg,0.991249680519104,31_png.rf.0f21d20a8cd7c12cbb1222cd2070b345.jpg,0.9893063902854919,32_png.rf.1edd41098eb074d061f00c09470d90cf.jpg,0.9882210493087769
13,27_png.rf.b66e7ecbfb20811de556a247f42c24ec.jpg,34_png.rf.407889c8b2afe2a57c57461fa46b2d4f.jpg,0.9771434664726257,20_png.rf.52c78aebcebbb16b65b30edf6e6dc4a5.jpg,0.9212587475776672,18_png.rf.deca17bfe3ef6a0738238319d1dcdd71.jpg,0.9193637371063232,7t_png.rf.d593f52ab7cb17881fddcaf5de468819.jpg,0.909787118434906,19_png.rf.9bdb39240f3b93c04a458babb9612353.jpg,0.9096744656562805
14,38_png.rf.5f7178d32f8c80830acba72ceaa53c52.jpg,33_png.rf.297fe8781d6a91fb415a3483e34b5d6d.jpg,0.9998924136161804,50_png.rf.383e95718229d46e0da9d8f13dff24d6.jpg,0.999886691570282,51_png.rf.6cd3806d5bbf3bb4c08aa71f88200357.jpg,0.999873161315918,48_png.rf.6d53741dd87298c5fedafc4e15fab214.jpg,0.9998615384101868,75_png.rf.fec3448d8e1f00fd7d681730877c8e37.jpg,0.9998611807823181
15,49_png.rf.34dd21e67336cfaacfc62268433a9c2d.jpg,74_png.rf.d4457ce90ae63f42842e5cc1f35d9425.jpg,0.9962063431739807,36_png.rf.0335463c111a76dc82384e5664c969ca.jpg,0.9943419694900513,29_png.rf.6123f6b17b0b0752cc729beefa04a070.jpg,0.9941418170928955,28_png.rf.eae3c87c5a3a27e7321c4f3f9b902dc7.jpg,0.992530345916748,24_png.rf.76109e322271997766d83ebb01eba055.jpg,0.9916854500770569
16,52_png.rf.d9ef7051544ef241be7a8134959f3411.jpg,53_png.rf.855b0f59076e870a81b9fa99f43590a7.jpg,0.9999734163284302,56_png.rf.d816086571a6166985bd89660706de3c.jpg,0.9999234080314636,46_png.rf.e8ee7736ebfa4a3181665065498b2b12.jpg,0.9998989105224609,57_png.rf.03d3722260858e9a17b3a16291bd0103.jpg,0.9998964071273804,48_png.rf.6d53741dd87298c5fedafc4e15fab214.jpg,0.9998888969421387
17,58_png.rf.b94027c8488125d21180dde164fc71f6.jpg,56_png.rf.d816086571a6166985bd89660706de3c.jpg,0.9999082088470459,48_png.rf.6d53741dd87298c5fedafc4e15fab214.jpg,0.9998874664306641,75_png.rf.fec3448d8e1f00fd7d681730877c8e37.jpg,0.9998817443847656,57_png.rf.03d3722260858e9a17b3a16291bd0103.jpg,0.9998741149902344,10_png.rf.9b8c9cafc4edaba51d6fc14bc4ef7186.jpg,0.999845027923584
18,94_png.rf.914de818a4ff0d086b7cb41abc8b95fd.jpg,93_png.rf.e4404052301ebc4f485e978401b476d2.jpg,0.963306188583374,89_png.rf.f6d530aecfb9a6a925bb6db4a606a529.jpg,0.9586182832717896,91_png.rf.d78bae1b26a617eb6363e4345800eb54.jpg,0.9401722550392151,88_png.rf.b58437827b6f9fab3cebf868795b9e21.jpg,0.9311209917068481,86_png.rf.ed680afb145347de62fa9e5dd2b90bbe.jpg,0.9102410674095154
19,9_png.rf.3a4164e5647feea77eb3062be7e65aea.jpg,95_png.rf.03182e61750c77320a1463bb756ed0cf.jpg,0.9958400130271912,0_png.rf.e35063c144cfd241454863d624cf01d3.jpg,0.9947146773338318,2_png.rf.e294eab9e1b8504f18e1964e03f9e9e5.jpg,0.9894449710845947,99_png.rf.980b3b82bd6f61bc422a234a44e95383.jpg,0.9842790365219116,5_png.rf.83aee7ccd4569a48f90641b7606818c5.jpg,0.9095190763473511
