query_idx,query_name,vit_rank1_name,vit_rank1_score,vit_rank2_name,vit_rank2_score,vit_rank3_name,vit_rank3_score,vit_rank4_name,vit_rank4_score,vit_rank5_name,vit_rank5_score
0,107_png.rf.f31cf99275d8de0c817398bad1fbb98c.jpg,106_png.rf.28ee53acf89d9e7f17b2fb26185597a0.jpg,0.98038733,25f_png.rf.e20424d4f5cc6ff760cbfa7767c3ec32.jpg,0.9753398,130_png.rf.21f92398160a76a64b948884e4c8103c.jpg,0.9744779,132_png.rf.071b2e2111df71728a6b770afd959117.jpg,0.9742675,149_png.rf.9aba27d537b76bf911a1f4553acc6bc1.jpg,0.97343594
1,111_png.rf.573bdb8149674c4469ce560c651c6a48.jpg,161_png.rf.2436f2b0f85b3351121e334fce1ae80c.jpg,0.9542435,5a_png.rf.bae1d48b3d2d96a990799b836ecebcbb.jpg,0.9513488,86_png.rf.ed680afb145347de62fa9e5dd2b90bbe.jpg,0.9498714,162_png.rf.faeb269d920f46126201519c32565e6d.jpg,0.9443302,166_png.rf.2a5fbe9b778584d26692a480bda6f22a.jpg,0.94236076
2,115_png.rf.ed51d53dd5c384b1f26a2b6ece52ad69.jpg,130_png.rf.21f92398160a76a64b948884e4c8103c.jpg,0.9754471,25f_png.rf.e20424d4f5cc6ff760cbfa7767c3ec32.jpg,0.9752764,132_png.rf.071b2e2111df71728a6b770afd959117.jpg,0.97365636,128_png.rf.536c0efc16ea6cf15f4f2a6f280450cf.jpg,0.97351635,117_png.rf.8cc2251ee5c44b6bd3734b39795c7cc9.jpg,0.9730574
3,118_png.rf.3e82e1f3d657302b61a62c113271b753.jpg,166_png.rf.2a5fbe9b778584d26692a480bda6f22a.jpg,0.93954384,4a_png.rf.a6bb5c5706fd8628eb53d34a122cf441.jpg,0.93519896,21a_png.rf.34ea0016904d75da861731071be2058f.jpg,0.93192303,23a_png.rf.c51e6e9452d0f5b24425c277e7e93085.jpg,0.93177176,148_png.rf.ce6399c2c651b1e0c1ccbe0ed06b1038.jpg,0.9274966
4,134_png.rf.eafc70891a991c969df70bd817a63375.jpg,131_png.rf.593310c39f8835ed0786033b6690de45.jpg,0.9756938,125_png.rf.746e605d23baaa43560542b8554b714c.jpg,0.9711003,150_png.rf.d73327d3ac59114d003f79ec28e80c36.jpg,0.9704513,112_png.rf.9b08015f172aafbe456ed9d92cca77fe.jpg,0.9652817,127_png.rf.9f6501b0ba0e856cf6dd9e59f65ce574.jpg,0.95875216
5,136_png.rf.e99c3dfd6e84ce294cdabc3bb5ee8a75.jpg,112_png.rf.9b08015f172aafbe456ed9d92cca77fe.jpg,0.9790985,157_png.rf.27c930f4a54872dbae1acb7faf69b5af.jpg,0.9715107,150_png.rf.d73327d3ac59114d003f79ec28e80c36.jpg,0.9710116,7t_png.rf.d593f52ab7cb17881fddcaf5de468819.jpg,0.9681734,127_png.rf.9f6501b0ba0e856cf6dd9e59f65ce574.jpg,0.96542853
6,140_png.rf.6645e10bad5cf3f197b71ddb6b34e6b4.jpg,132_png.rf.071b2e2111df71728a6b770afd959117.jpg,0.97886807,145_png.rf.223f80e4aff2b64f2711cd186532e118.jpg,0.97778374,123_png.rf.c77820fd3abbca5d6265af63564f9564.jpg,0.974391,117_png.rf.8cc2251ee5c44b6bd3734b39795c7cc9.jpg,0.97421944,142_png.rf.7094e2d69746d686d71b971d474ae84d.jpg,0.97335637
7,144_png.rf.5c3890791bfecba0869eafb73fa3a4f5.jpg,7t_png.rf.d593f52ab7cb17881fddcaf5de468819.jpg,0.98080397,127_png.rf.9f6501b0ba0e856cf6dd9e59f65ce574.jpg,0.9806269,150_png.rf.d73327d3ac59114d003f79ec28e80c36.jpg,0.9796149,131_png.rf.593310c39f8835ed0786033b6690de45.jpg,0.97831416,125_png.rf.746e605d23baaa43560542b8554b714c.jpg,0.9781225
8,181_png.rf.23ccd3b4b31a6fef484f7f0d25cf89d7.jpg,141_png.rf.29f059d54b07ead4d4680ae0a8a66ec4.jpg,0.93504834,162_png.rf.faeb269d920f46126201519c32565e6d.jpg,0.88385516,178_png.rf.5087fa5324451e07d2ed4f3d0e39b8e7.jpg,0.88275605,18a_png.rf.6fd1e6c4251554864ca626ac2595e32d.jpg,0.88128155,15a_png.rf.d7f7746ea5afb68e6b42346c4990fa43.jpg,0.8784764
9,185_png.rf.d2a971d3a33d7f290e313be493525277.jpg,89_png.rf.f6d530aecfb9a6a925bb6db4a606a529.jpg,0.942165,154_png.rf.9667f3add0f6a1d344745423a5d13882.jpg,0.9300474,108_png.rf.7bd2f9160e38391af93d2d6ebaaf966a.jpg,0.9269486,179_png.rf.61fcb6e012295881e5f82e05b6d15283.jpg,0.9233014,2a_png.rf.d8a574394a3499846384d0e2f5162459.jpg,0.9232487
10,1_png.rf.8199e7f82efa196a0732a582c5d2472e.jpg,92_png.rf.5436107fa80a186911267011f1bad05e.jpg,0.94399536,96_png.rf.99112aad2385b754f6a041d89282c4f9.jpg,0.93108124,90_png.rf.cc19908ab37dc78235324d2e16614622.jpg,0.9170151,3_png.rf.3623643d6ea770476054dcbc18ec4da8.jpg,0.82846427,189_png.rf.35e0d3792b1aa85a1a2e55167fd0d8c5.jpg,0.8256805
11,21_png.rf.14a3f0eb3df1717c54de3445f3988524.jpg,34_png.rf.407889c8b2afe2a57c57461fa46b2d4f.jpg,0.9737053,114_png.rf.98b2144c25b9f48816abd7edb00f365c.jpg,0.9508186,135_png.rf.8a27e2add3109c3d2fc762fd95669219.jpg,0.9478619,6f_png.rf.4dcfc0c556af56e418f2226f40765059.jpg,0.9463119,18_png.rf.deca17bfe3ef6a0738238319d1dcdd71.jpg,0.9454683
12,26_png.rf.58fd63888dc80d24e902a96995a31656.jpg,36_png.rf.0335463c111a76dc82384e5664c969ca.jpg,0.9712206,39_png.rf.dc31e2cb0d05a0df89cfefc35ec71231.jpg,0.9593395,16_png.rf.691cc1c2ecb1a6b9e2b253b55ee31e37.jpg,0.9546088,23_png.rf.16eca710aad8f132510abb5de8930fc0.jpg,0.95309305,25_png.rf.7e8991bbc403d6fbe9b9e6877ce5f38a.jpg,0.9523053
13,27_png.rf.b66e7ecbfb20811de556a247f42c24ec.jpg,34_png.rf.407889c8b2afe2a57c57461fa46b2d4f.jpg,0.9732158,114_png.rf.98b2144c25b9f48816abd7edb00f365c.jpg,0.95229876,6f_png.rf.4dcfc0c556af56e418f2226f40765059.jpg,0.9478396,135_png.rf.8a27e2add3109c3d2fc762fd95669219.jpg,0.94455665,149_png.rf.9aba27d537b76bf911a1f4553acc6bc1.jpg,0.94254136
14,38_png.rf.5f7178d32f8c80830acba72ceaa53c52.jpg,61_png.rf.fcb03285eaaa0805f6a53443b10cd4fe.jpg,0.9791269,33_png.rf.297fe8781d6a91fb415a3483e34b5d6d.jpg,0.97568727,50_png.rf.383e95718229d46e0da9d8f13dff24d6.jpg,0.974077,55_png.rf.68431d245b349b193d16154de0905524.jpg,0.9725169,57_png.rf.03d3722260858e9a17b3a16291bd0103.jpg,0.9652771
15,49_png.rf.34dd21e67336cfaacfc62268433a9c2d.jpg,74_png.rf.d4457ce90ae63f42842e5cc1f35d9425.jpg,0.9857125,41_png.rf.1b958373ee00ad9b6c72ccde65ac6c44.jpg,0.98075545,42_png.rf.c6be4b18ac2a7d7c6e71b98132d5b411.jpg,0.978682,29_png.rf.6123f6b17b0b0752cc729beefa04a070.jpg,0.97594726,23_png.rf.16eca710aad8f132510abb5de8930fc0.jpg,0.9758287
16,52_png.rf.d9ef7051544ef241be7a8134959f3411.jpg,78_png.rf.e4113b07a8da6a1795e7bb7519fab19a.jpg,0.9776771,85_png.rf.92386fd10cea05180773e53215694d52.jpg,0.9765548,13_png.rf.6997e656c43b72e712856bc7557bedf9.jpg,0.97192967,11_png.rf.6b73a508e3eafaac95768aae9325dabc.jpg,0.97102916,46_png.rf.e8ee7736ebfa4a3181665065498b2b12.jpg,0.9694973
17,58_png.rf.b94027c8488125d21180dde164fc71f6.jpg,48_png.rf.6d53741dd87298c5fedafc4e15fab214.jpg,0.98273075,75_png.rf.fec3448d8e1f00fd7d681730877c8e37.jpg,0.98228574,55_png.rf.68431d245b349b193d16154de0905524.jpg,0.97897303,56_png.rf.d816086571a6166985bd89660706de3c.jpg,0.97655827,57_png.rf.03d3722260858e9a17b3a16291bd0103.jpg,0.976176
18,94_png.rf.914de818a4ff0d086b7cb41abc8b95fd.jpg,89_png.rf.f6d530aecfb9a6a925bb6db4a606a529.jpg,0.95614696,93_png.rf.e4404052301ebc4f485e978401b476d2.jpg,0.9447434,2a_png.rf.d8a574394a3499846384d0e2f5162459.jpg,0.9330263,5a_png.rf.bae1d48b3d2d96a990799b836ecebcbb.jpg,0.9263996,170_png.rf.41755d44f9afc99e7cda8ff7b064d3e5.jpg,0.92622125
19,9_png.rf.3a4164e5647feea77eb3062be7e65aea.jpg,95_png.rf.03182e61750c77320a1463bb756ed0cf.jpg,0.97554547,0_png.rf.e35063c144cfd241454863d624cf01d3.jpg,0.9689054,2_png.rf.e294eab9e1b8504f18e1964e03f9e9e5.jpg,0.91597,99_png.rf.980b3b82bd6f61bc422a234a44e95383.jpg,0.89523417,8_png.rf.00b44beea89152bdea072ac458c5ec85.jpg,0.8412814
